ASV,Taxon
TACGGAGGATGCGAGCGTTATCCGGATTTATTGGGTTTAAAGGGTGCGTAGGCGGTCCGTTAAGTCAGCGGTAAAATTGCGGGGCTCAACCCCGTCGAGCCGTTGAAACTGGCAGACTTGAGTTGGCGAGAAGTACGCGGAATGCGCGGT,d__Bacteria; p__Bacteroidota; c__Bacteroidia; o__Bacteroidales; f__Muribaculaceae; g__CAG-485; s__CAG-485 sp002362485
TACGTAGGGAGCAAGCGTTATCCGGATTTATTGGGCGTAAAGCGTTCGTAGGCGGTTTGTTAAGTCTAAAATTAAAGCCTGGGGCTCAACCTCAGTTCGTTTTAGAAACTGGCAGACTTGAGTGTGGTAGAGGCAAGTGGAATTTCTAGT,d__Bacteria; p__Firmicutes_D; c__Bacilli; o__RF39; f__UBA660; g__RUG12438; s__RUG12438 sp902801685
TACGGAGGATGCGAGCGTTATCCGGATTTATTGGGTTTAAAGGGTGCGTAGGCGGACTGTCAAGTCAGCGGTAAAATTGAGAGGCTCAACCTCTTCCCGCCGTTGAAACTGGTGGTCTTGAGTGGATGAGAAGTACGCGGAATGCGTGGT,d__Bacteria; p__Bacteroidota; c__Bacteroidia; o__Bacteroidales; f__Muribaculaceae; g__; s__
TACGTAGGGGGCAAGCGTTATCCGGATTTACTGGGTGTAAAGGGAGCGTAGACGGCAGCGCAAGTCTGGAGTGAAATCCCATGGCTTAACCATGGAACTGCTTTGGAAACTGTGCAGCTGGAGTGCAGGAGAGGTAAGCGGAATTCCTAG,d__Bacteria; p__Firmicutes_A; c__Clostridia_258483; o__Lachnospirales; f__Lachnospiraceae; g__COE1; s__COE1 sp000403215
TACGTAGGGGGCAAGCGTTATCCGGATTTACTGGGTGTAAAGGGAGCGTAGACGGTAATGTAAGTCTGATGTGAAAGCCCGGGGCTCAACCCCGGGACTGCATTGGAAACTATGTAACTAGAGTACCGGAGAGGTAAGCGGAATTCCTAG,d__Bacteria; p__Firmicutes_A; c__Clostridia_258483; o__Lachnospirales; f__Lachnospiraceae; g__UBA9414; s__
TACGTAGGGGGCTAGCGTTATCCGGAATTACTGGGCGTAAAGGGTGCGTAGGTGGTTTCTTAAGTCAGAGGTGAAAGGCTACGGCTCAACCGTAGTAAGCCTTTGAAACTGGGAAACTTGAGTGCAGGAGAGGAGAGTGGAATTCCTAGT,d__Bacteria; p__Firmicutes_A; c__Clostridia_258483; o__Peptostreptococcales; f__Peptostreptococcaceae_256921; g__Romboutsia_B; s__Romboutsia_B ilealis
TACGGAGGATGCGAGCGTTATCCGGATTTATTGGGTTTAAAGGGTGCGTAGGCGGGATGCCAAGTCAGCGGTAAAAAAGCGGTGCTCAACGCCGTCGAGCCGTTGAAACTGGCGTTCTTGAGTGGGCGAGAAGTATGCGGAATGCGTGGT,d__Bacteria; p__Bacteroidota; c__Bacteroidia; o__Bacteroidales; f__Muribaculaceae; g__UBA7173; s__
TACGTAGGGGGCAAGCGTTATCCGGATTTACTGGGTGTAAAGGGAGCGTAGACGGTGAAGCAAGTCTGAAGTGAAAGGCGGGGGCTCAACCCCCGGACTGCTTTGGAAACTGTTTGACTGGAGTGCAGGAGAGGTAAGTGGAATTCCTAG,d__Bacteria; p__Firmicutes_A; c__Clostridia_258483; o__Lachnospirales; f__Lachnospiraceae; g__Acetatifactor; s__Acetatifactor muris
TACGTAGGGGGCAAGCGTTATCCGGATTTACTGGGTGTAAAGGGAGCGTAGACGGCAGCACAAGTCTGGAGTGAAATCCCGGGGCTTAACCCCGGAACTGCTTTGGAAACTGTGCGGCTGGAGTGCAGGAGGGGTAAGCGGAATTCCTAG,d__Bacteria; p__Firmicutes_A; c__Clostridia_258483; o__Lachnospirales; f__Lachnospiraceae; g__COE1; s__COE1 sp000403335
TACGTAGGTGGCAAGCGTTGTCCGGAATTACTGGGTGTAAAGGGAGCGCAGGCGGGAAGCCAAGTCAGCTGTGAAAACTACGGGCTTAACTTGTAGACTGCAGTTGAAACTGGTTTTCTTGAGTGAAGTAGAGGTTGGCGGAATTCCGAG,d__Bacteria; p__Firmicutes_A; c__Clostridia_258483; o__Oscillospirales; f__Acutalibacteraceae; g__Eubacterium_R; s__Eubacterium_R sp011958665
TACGTAGGTGGCGAGCGTTATCCGGAATGATTGGGCGTAAAGGGTGCGCAGGCGGCCGGGCAAGTCCGCAGTAAAAACTGGAGGCTCAACCTTCAGGGGCTGCGGAAACTGTCCGGCTGGAGAGCAGGAGAGGACGGTGGAACTCCATGT,d__Bacteria; p__Firmicutes_D; c__Bacilli; o__Erysipelotrichales; f__Erysipelotrichaceae; g__Dubosiella; s__Dubosiella newyorkensis
TACGTATGGGGCAAGCGTTATCCGGATTTACTGGGTGTAAAGGGAGCGTAGGCGGCCTGGCAAGCCTGATGTGAAATACCGGGGCCCAACCCCGGGGCTGCATTGGGAACTGCCAGGCTGGAGTGCCGGAGAGGCAGGCGGAATTCCTAG,d__Bacteria; p__Firmicutes_A; c__Clostridia_258483; o__Lachnospirales; f__Lachnospiraceae; g__14-2; s__14-2 sp000403315
TACGTAGGGGGCAAGCGTTATCCGGATTTACTGGGTGTAAAGGGAGCGTAGACGGCTTGGCAAGCCAGATGTGAAAGGCTGGGGCTCAACCCCAGGACTGCATTTGGAACTGTCATGCTAGAGTGTCGGAGAGGCAGGCGGAATTCCTAG,d__Bacteria; p__Firmicutes_A; c__Clostridia_258483; o__Lachnospirales; f__Lachnospiraceae; g__Sporofaciens; s__Sporofaciens musculi
TACGTAGGGGGCAAGCGTTATCCGGAATTACTGGGTGTAAAGGGAGCGTAGACGGTGATGCAAGTCTGGAGTGAAAGGCGGGGGCCCAACCCCCGGACTGCTCTGGAAACTGTGTAACTTGAGTGCAGGAGAGGTAAGCGGAATTCCTAG,d__Bacteria; p__Firmicutes_A; c__Clostridia_258483; o__Lachnospirales; f__Lachnospiraceae; g__UBA3282; s__UBA3282 sp003611805
TACGTATGGTGCAAGCGTTATCCGGATTTACTGGGTGTAAAGGGAGCGCAGGCGGTACGGCAAGTCTGATGTGAAAGCCCGGGGCTCAACCCCGGTACTGCATTGGAAACTGTCGGACTAGAGTGTCGGAGGGGTAAGTGGAATTCCTAG,d__Bacteria; p__Firmicutes_A; c__Clostridia_258483; o__Lachnospirales; f__Lachnospiraceae; g__Roseburia; s__Roseburia intestinalis
TACGTAGGGGGCTAGCGTTATCCGGAATTACTGGGCGTAAAGGGTGCGTAGGTGGTTTCTTAAGTCAGAGGTGAAAGGCTACGGCTCAACCGTAGTAAGCCTTTGAAACTGGGGAACTTGAGTGCAGGAGAGGAGAGTGGAATTCCTAGT,d__Bacteria; p__Firmicutes_A; c__Clostridia_258483; o__Peptostreptococcales; f__Peptostreptococcaceae_256921; g__Romboutsia_B; s__Romboutsia_B ilealis
AACGTAGGGTGCAAGCGTTGTCCGGAATTACTGGGTGTAAAGGGAGCGCAGGCGGATTGGCAAGTTGGGAGTGAAATCTATGGGCTCAACCCATAAATTGCTTTCAAAACTGTCAGTCTTGAGTGGTGTAGAGGTAGGCGGAATTCCCGG,d__Bacteria; p__Firmicutes_A; c__Clostridia_258483; o__Oscillospirales; f__Ruminococcaceae; g__Ruthenibacterium; s__Ruthenibacterium lactatiformans
TACGGAGGATGCGAGCGTTATCCGGATTTATTGGGTTTAAAGGGTGCGTAGGCGGCCTGCCAAGTCAGCGGTAAAATTGCGGGGCTCAACCCCGTACAGCCGTTGAAACTGCCGGGCTCGAGTGGGCGAGAAGTATGCGGAATGCGTGGT,d__Bacteria; p__Bacteroidota; c__Bacteroidia; o__Bacteroidales; f__Muribaculaceae; g__UBA7173; s__UBA7173 sp002491305
TACGTAGGTGGCGAGCGTTGTCCGGATTTACTGGGCGTAAAGGGAGCGTAGGCGGACTTTTAAGTGAGATGTGAAATACTCGGGCTCAACTTGAGTGCTGCATTTCAAACTGGAAGTCTAGAGTGCAGGAGAGGAGAATGGAATTCCTAG,d__Bacteria; p__Firmicutes_A; c__Clostridia_258483; o__Clostridiales; f__Clostridiaceae_222000; g__Clostridium_T; s__Clostridium_T disporicum_203972
TACAGAGGTCTCAAGCGTTGTTCGGAATCACTGGGCGTAAAGCGTGCGTAGGCTGTTTCGTAAGTCGTGTGTGAAAGGCGCGGGCTCAACCCGCGGACGGCACATGATACTGCGAGACTAGAGTAATGGAGGGGGAACCGGAATTCTCGG,d__Bacteria; p__Verrucomicrobiota; c__Verrucomicrobiae; o__Verrucomicrobiales; f__Akkermansiaceae; g__Akkermansia; s__Akkermansia muciniphila_D_776786
TACGTAGGTGGCAAGCGTTATCCGGAATTATTGGGCGTAAAGAGCGCGCAGGTGGTTAATTAAGTCTGATGTGAAAGCCCACGGCTTAACCGTGGAGGGTCATTGGAAACTGGTTGACTTGAGTGCAGAAGAGGGAAGTGGAATTCCATG,d__Bacteria; p__Firmicutes_D; c__Bacilli; o__Haloplasmatales_A; f__Turicibacteraceae; g__Turicibacter; s__
TACGTAGGTCCCGAGCGTTGTCCGGATTTATTGGGCGTAAAGCGAGCGCAGGTGGTTTATTAAGTCTGGTGTAAAAGGCAGTGGCTCAACCATTGTATGCATTGGAAACTGGTAGACTTGAGTGCAGGAGAGGAGAGTGGAATTCCATGT,d__Bacteria; p__Firmicutes_D; c__Bacilli; o__Lactobacillales; f__Streptococcaceae; g__Lactococcus_A_346120; s__Lactococcus_A_346120 lactis_346025
TACATAGGGGGCAAGCGTTATCCGGAATTATTGGGTGTAAAGGGTGCGTAGACGGAAGAACAAGTTGGTTGTGAAATCCCTCGGCTCAACTGAGGAACTGCAACCAAAACTATTCTCCTTGAGTGTCGGAGAGGAAAGTGGAATTCCTAG,d__Bacteria; p__Firmicutes_A; c__Clostridia_258483; o__TANB77; f__CAG-508; g__UMGS1994; s__UMGS1994 sp900553945
TACGTAGGTGGCAAGCGTTGTCCGGATTTACTGGGTGTAAAGGGCGTGCAGCCGGAGAGACAAGTCAGATGTGAAATCCACGGGCTCAACCCGTGAACTGCATTTGAAACTGTTTCCCTTGAGTGTCGGAGAGGTCATCGGAATTCCTTG,d__Bacteria; p__Firmicutes_A; c__Clostridia_258483; o__Oscillospirales; f__Oscillospiraceae_88309; g__Dysosmobacter; s__Dysosmobacter sp000403435
TACGTAGGTGGCAAGCGTTATCCGGATTTATTGGGTGTAAAGGGCGTGTAGGCGGGAATGCAAGTCAGATGTGAAAACTATGGGCTCAACCCATAGCCTGCATTTGAAACTGTATTTCTTGAGTGCTGGAGAGGCAATCGGAATTCCGTG,d__Bacteria; p__Firmicutes_A; c__Clostridia_258483; o__Oscillospirales; f__Oscillospiraceae_88309; g__Enterenecus; s__Enterenecus sp004560375
TACGTAGGGGGCAAGCGTTATCCGGATTTACTGGGTGTAAAGGGGGCGCAGACGGCGATGCAAGCCAGGAGTGAAAGCCCGGGGCCCAACCCCGGGACTGCTCTTGGAACTGCGTGGCTGGAGTGCAGGAGGGGCAGGCGGAATTCCTGG,d__Bacteria; p__Firmicutes_A; c__Clostridia_258483; o__Lachnospirales; f__Lachnospiraceae; g__Kineothrix; s__Kineothrix sp000403275
TACGTAGGGGGCAAGCGTTATCCGGATTTACTGGGTGTAAAGGGGGCGCAGACGGCAGCGCAAGCCAGGAGTGAAAGCCCGGGGCCCAACCCCGGGACTGCTCTTGGAACTGCGCGGCTGGAGTGCAGGAGGGGCAGGCGGAATTCCTGG,d__Bacteria; p__Firmicutes_A; c__Clostridia_258483; o__Lachnospirales; f__Lachnospiraceae; g__Kineothrix; s__Kineothrix sp000403275
TACGTAGGTGGCAAGCGTTGTCCGGATTTACTGGGTGTAAAGGGCGTGCAGCCGGGTTTATAAGTCAGATGTGAAATCCCGCGGCTCAACCGCGGAACTGCATTTGAAACTGTAGATCTTGAGTACTGGAGAGGCAGGCGGAATTCCTAG,d__Bacteria; p__Firmicutes_A; c__Clostridia_258483; o__Oscillospirales; f__Oscillospiraceae_88309; g__; s__
TACATAGGGAGCAAGCGTTATCCGGATTTATTGGGTGTAAAGGGTGCGTAGACGGGAAATTAAGTTAGTTGTGAAATCCCTCGGCTTAACTGAGGAACTGCAACTAAAACTGATTTTCTTGAGTACTGGAGAGGAAAGTGGAATTCCTAG,d__Bacteria; p__Firmicutes_A; c__Clostridia_258483; o__TANB77; f__CAG-508; g__CAG-269; s__CAG-269 sp000431335
TACGTAGGGGGCAAGCGTTATCCGGATTTACTGGGTGTAAAGGGAGCGTAGACGGCATGGCAAGCCAGATGTGAAATACCGGGGCTCAACCCCGGGACTGCATTTGGAACTGTTAAGCTGGAGTGTCGGAGAGGCAGGCGGAATTCCTAG,d__Bacteria; p__Firmicutes_A; c__Clostridia_258483; o__Lachnospirales; f__Lachnospiraceae; g__; s__
TACGTATGGAGCAAGCGTTATCCGGATTTACTGGGCGTAAAGGGAGCGTAGGCGGCCTGCCAAGTCTGATGTGAAATACCGGGGCTCAACCCCGGGGCTGCATTGGAAACTGGCAGGCTGGAGTGCCGGAGAGGCAGGCGGAATTCCTAG,d__Bacteria; p__Firmicutes_A; c__Clostridia_258483; o__Lachnospirales; f__Lachnospiraceae; g__14-2; s__
TACGGAGGATGCGAGCGTTATCCGGATTTATTGGGTTTAAAGGGTGCGCAGGCGGAAGCGCAAGTCAGCGGTAAAATTGAGAGGCTCAACCTCTTCCCGCCGTTGAAACTGCGTTTCTTGAGTGGGCGAGAAGTACGCGGAATGCGTGGT,d__Bacteria; p__Bacteroidota; c__Bacteroidia; o__Bacteroidales; f__Muribaculaceae; g__Duncaniella; s__Duncaniella muris
TACGTATGGTGCAAGCGTTATCCGGATTTACTGGGTGTAAAGGGAGCGTAGACGGAGAGGCAAGTCTGATGTGAAAACCCGGGGCTCAACCCCGGGACTGCATTGGAAACTGTTTTTCTAGAGTGTCGGAGAGGCAAGTGGAATTCCTAG,d__Bacteria; p__Firmicutes_A; c__Clostridia_258483; o__Lachnospirales; f__Lachnospiraceae; g__Mediterraneibacter_A_155507; s__
TACGTAGGGGGCAAGCGTTATCCGGATTTACTGGGTGTAAAGGGAGCGTAGGTGGCAGGGCAAGTCAGATGTGAAAACCCGGGGCTCAACTCCGGGATTGCATTTGAAACTGTCCGGCTGGAGTGCAGGAGAGGTAAGTGGAATTCCTAG,d__Bacteria; p__Firmicutes_A; c__Clostridia_258483; o__Lachnospirales; f__Lachnospiraceae; g__Eubacterium_F; s__Eubacterium_F sp000687695
TACGTAGGGGGCAAGCGTTATCCGGATTTACTGGGTGTAAAGGGAGCGTAGACGGCAGGGCAAGTCTGATGTGAAAGGTCGGGGCCCAACCCCGGGACTGCATTGGAAACTGTCCGGCTGGAGTACAGGAGAGGTAAGTGGAATTCCTAG,d__Bacteria; p__Firmicutes_A; c__Clostridia_258483; o__Lachnospirales; f__Lachnospiraceae; g__Eisenbergiella; s__
TACGTAGGTGGCGAGCGTTATCCGGAATCATTGGGCGTAAAGAGGGAGCAGGCGGCCTGGAGGGTCTATTGTTAAAAGGCAGTGGCTTAACCATTGCAAGGCGAAGAAACCGGCAGGCTAGAGTTCTAAAGAGGATCGTGGAATTCCATG,d__Bacteria; p__Firmicutes_D; c__Bacilli; o__Erysipelotrichales; f__Coprobacillaceae; g__Fimiplasma; s__Fimiplasma intestinipullorum
TACGTAGGGGGCAAGCGTTATCCGGATTTACTGGGTGTAAAGGGAGCGTAGACGGCAGCGCAAGTCTGGAGTGAAATGCCGGGGCCCAACCCCGGAACTGCTTTGGAAACTGTGCAGCTCGAGTGCAGGAGAGGTAAGCGGAATTCCTAG,d__Bacteria; p__Firmicutes_A; c__Clostridia_258483; o__Lachnospirales; f__Lachnospiraceae; g__COE1; s__
TACGTAGGGTGCAAGCGTTATCCGGATTTATTGGGCGTAAAGGGCTCGTAGGCGGTTCGTCGCGTCCGGTGTGAAAGTCCATCGCTTAACGGTGGATCCGCGCCGGGTACGGGCGGGCTTGAGTGCGGTAGGGGAGACTGGAATTCCCGG,d__Bacteria; p__Actinobacteriota; c__Actinomycetia; o__Actinomycetales; f__Bifidobacteriaceae; g__Bifidobacterium_388775; s__Bifidobacterium choerinum